{"mean":{"confidence_interval":{"confidence_level":0.95,"lower_bound":6644891565.5275,"upper_bound":6841114563.147},"point_estimate":6737641465.71,"standard_error":50037113.77272765},"median":{"confidence_interval":{"confidence_level":0.95,"lower_bound":6585350940.0,"upper_bound":6736150133.0},"point_estimate":6678850987.0,"standard_error":44107389.97794851},"median_abs_dev":{"confidence_interval":{"confidence_level":0.95,"lower_bound":246302937.75934875,"upper_bound":462435586.5224272},"point_estimate":346165305.5647373,"standard_error":53021944.428035825},"slope":null,"std_dev":{"confidence_interval":{"confidence_level":0.95,"lower_bound":350811084.53956366,"upper_bound":649338905.3925321},"point_estimate":503290795.68459904,"standard_error":77436402.16889952}}