{"mean":{"confidence_interval":{"confidence_level":0.95,"lower_bound":4064032.965,"upper_bound":4170714.515000001},"point_estimate":4117680.130714286,"standard_error":27353.633510165586},"median":{"confidence_interval":{"confidence_level":0.95,"lower_bound":4066355.285714286,"upper_bound":4278315.0},"point_estimate":4165576.75,"standard_error":61866.22525106405},"median_abs_dev":{"confidence_interval":{"confidence_level":0.95,"lower_bound":215761.13271947397,"upper_bound":416792.6294054516},"point_estimate":338694.35128697334,"standard_error":58661.88223965435},"slope":null,"std_dev":{"confidence_interval":{"confidence_level":0.95,"lower_bound":249764.40546430895,"upper_bound":294224.62181457994},"point_estimate":273889.7739673318,"standard_error":11315.211380190072}}