{"mean":{"confidence_interval":{"confidence_level":0.95,"lower_bound":0.014803513511463029,"upper_bound":0.04240001849192287},"point_estimate":0.028364921878047733,"standard_error":0.0070537698345515066},"median":{"confidence_interval":{"confidence_level":0.95,"lower_bound":0.010041067887964772,"upper_bound":0.02812289687597458},"point_estimate":0.019749827602306924,"standard_error":0.004527109480626854}}