{"mean":{"confidence_interval":{"confidence_level":0.95,"lower_bound":0.026904493189772324,"upper_bound":0.05021049287614732},"point_estimate":0.03750389771850582,"standard_error":0.005806672319803943},"median":{"confidence_interval":{"confidence_level":0.95,"lower_bound":0.019982352884610144,"upper_bound":0.03996547537571038},"point_estimate":0.027095424014598413,"standard_error":0.0051276169504860915}}