{"mean":{"confidence_interval":{"confidence_level":0.95,"lower_bound":11896471.677299999,"upper_bound":12015428.224000003},"point_estimate":11953189.904000003,"standard_error":30353.397220076615},"median":{"confidence_interval":{"confidence_level":0.95,"lower_bound":11837535.6,"upper_bound":11966132.0},"point_estimate":11878690.6,"standard_error":29857.398930358795},"median_abs_dev":{"confidence_interval":{"confidence_level":0.95,"lower_bound":175379.56782639082,"upper_bound":272472.47520464513},"point_estimate":211687.84814178944,"standard_error":24098.657065552394},"slope":null,"std_dev":{"confidence_interval":{"confidence_level":0.95,"lower_bound":224592.41241091545,"upper_bound":388182.3981403002},"point_estimate":305265.7585523146,"standard_error":42656.82444953936}}