{"mean":{"confidence_interval":{"confidence_level":0.95,"lower_bound":129636017.12875001,"upper_bound":131431110.08174999},"point_estimate":130481570.44,"standard_error":458569.78164413327},"median":{"confidence_interval":{"confidence_level":0.95,"lower_bound":128226778.0,"upper_bound":130257015.0},"point_estimate":128980631.5,"standard_error":483560.0883175636},"median_abs_dev":{"confidence_interval":{"confidence_level":0.95,"lower_bound":1711488.2054150105,"upper_bound":3421461.1936569214},"point_estimate":2414442.226535082,"standard_error":412725.706751066},"slope":null,"std_dev":{"confidence_interval":{"confidence_level":0.95,"lower_bound":3187172.5348801827,"upper_bound":5870724.863123368},"point_estimate":4632793.363727607,"standard_error":686639.1830069652}}