{"mean":{"confidence_interval":{"confidence_level":0.95,"lower_bound":0.04146706479639517,"upper_bound":0.07898928870932631},"point_estimate":0.059701193615532056,"standard_error":0.009524568802080002},"median":{"confidence_interval":{"confidence_level":0.95,"lower_bound":0.028977871447612102,"upper_bound":0.07341049026663571},"point_estimate":0.04636591008056512,"standard_error":0.011593172206729641}}