{"mean":{"confidence_interval":{"confidence_level":0.95,"lower_bound":2438996.172105263,"upper_bound":2497698.8600000003},"point_estimate":2467417.514210527,"standard_error":14983.425485701886},"median":{"confidence_interval":{"confidence_level":0.95,"lower_bound":2391166.0,"upper_bound":2431525.842105263},"point_estimate":2415461.289473684,"standard_error":9265.504303220601},"median_abs_dev":{"confidence_interval":{"confidence_level":0.95,"lower_bound":70135.95238641677,"upper_bound":123959.05526757592},"point_estimate":98041.44909099484,"standard_error":13550.510331678752},"slope":null,"std_dev":{"confidence_interval":{"confidence_level":0.95,"lower_bound":126353.7615017023,"upper_bound":170988.42544327016},"point_estimate":151430.1953207958,"standard_error":11442.422794265005}}