{"mean":{"confidence_interval":{"confidence_level":0.95,"lower_bound":231876006.21575,"upper_bound":235679735.5495},"point_estimate":233730369.36,"standard_error":969548.7626202799},"median":{"confidence_interval":{"confidence_level":0.95,"lower_bound":229257955.0,"upper_bound":234464106.0},"point_estimate":231768227.0,"standard_error":1337282.4785105023},"median_abs_dev":{"confidence_interval":{"confidence_level":0.95,"lower_bound":8131113.474243879,"upper_bound":13593698.221063614},"point_estimate":11144003.47365439,"standard_error":1376315.4539503136},"slope":null,"std_dev":{"confidence_interval":{"confidence_level":0.95,"lower_bound":8526706.3606787,"upper_bound":10794484.082229614},"point_estimate":9752364.75237044,"standard_error":580806.841032385}}