{"mean":{"confidence_interval":{"confidence_level":0.95,"lower_bound":1128407982.0970001,"upper_bound":1145630228.89},"point_estimate":1137078727.67,"standard_error":4426293.466232684},"median":{"confidence_interval":{"confidence_level":0.95,"lower_bound":1131811156.0,"upper_bound":1157558805.0},"point_estimate":1145032936.0,"standard_error":6441091.971940733},"median_abs_dev":{"confidence_interval":{"confidence_level":0.95,"lower_bound":32898139.439711317,"upper_bound":55896585.38823724},"point_estimate":42703628.75095904,"standard_error":5892012.24824563},"slope":null,"std_dev":{"confidence_interval":{"confidence_level":0.95,"lower_bound":38531697.9856552,"upper_bound":49808735.72121839},"point_estimate":44531374.86452414,"standard_error":2887633.372262456}}