{"mean":{"confidence_interval":{"confidence_level":0.95,"lower_bound":2786087852.0155,"upper_bound":2831472163.72},"point_estimate":2808958950.54,"standard_error":11575394.844831884},"median":{"confidence_interval":{"confidence_level":0.95,"lower_bound":2794906940.5,"upper_bound":2865257660.0},"point_estimate":2824799324.5,"standard_error":17980331.996054072},"median_abs_dev":{"confidence_interval":{"confidence_level":0.95,"lower_bound":93638453.88738513,"upper_bound":158848652.56492513},"point_estimate":131070475.3006339,"standard_error":17402733.700423855},"slope":null,"std_dev":{"confidence_interval":{"confidence_level":0.95,"lower_bound":102782073.17460681,"upper_bound":126503999.71482828},"point_estimate":115797279.46415623,"standard_error":6054095.114037842}}