{"mean":{"confidence_interval":{"confidence_level":0.95,"lower_bound":-0.0760777322889277,"upper_bound":-0.05612798988290158},"point_estimate":-0.06638136960097607,"standard_error":0.005078814297855866},"median":{"confidence_interval":{"confidence_level":0.95,"lower_bound":-0.07294667783257935,"upper_bound":-0.05970039743958066},"point_estimate":-0.06550224671118487,"standard_error":0.0032662802132670866}}