{"mean":{"confidence_interval":{"confidence_level":0.95,"lower_bound":14256455.2774375,"upper_bound":14489992.369437499},"point_estimate":14368462.6675,"standard_error":59814.29636831028},"median":{"confidence_interval":{"confidence_level":0.95,"lower_bound":14100066.5,"upper_bound":14215147.25},"point_estimate":14151727.875,"standard_error":29401.982335709825},"median_abs_dev":{"confidence_interval":{"confidence_level":0.95,"lower_bound":250747.31509834528,"upper_bound":451349.3925869465},"point_estimate":339994.82973888516,"standard_error":50866.028624710874},"slope":null,"std_dev":{"confidence_interval":{"confidence_level":0.95,"lower_bound":449518.63247881096,"upper_bound":732481.6432280428},"point_estimate":598944.5785878273,"standard_error":72656.6467061358}}