{"mean":{"confidence_interval":{"confidence_level":0.95,"lower_bound":6706693381.15,"upper_bound":6787204761.927751},"point_estimate":6747034095.18,"standard_error":20588588.511209138},"median":{"confidence_interval":{"confidence_level":0.95,"lower_bound":6697259344.0,"upper_bound":6791977899.5},"point_estimate":6741442973.5,"standard_error":22518998.092002492},"median_abs_dev":{"confidence_interval":{"confidence_level":0.95,"lower_bound":148020215.9737384,"upper_bound":229112506.8583399},"point_estimate":192162176.9874394,"standard_error":20103120.356234435},"slope":null,"std_dev":{"confidence_interval":{"confidence_level":0.95,"lower_bound":173459437.73080918,"upper_bound":236522545.36238128},"point_estimate":206758864.82409564,"standard_error":16132355.102903465}}