{"mean":{"confidence_interval":{"confidence_level":0.95,"lower_bound":15899540.3245625,"upper_bound":16215795.7828125},"point_estimate":16048650.015,"standard_error":81154.0073356508},"median":{"confidence_interval":{"confidence_level":0.95,"lower_bound":15684426.25,"upper_bound":15976845.0},"point_estimate":15781309.25,"standard_error":67279.62471113156},"median_abs_dev":{"confidence_interval":{"confidence_level":0.95,"lower_bound":328666.8393149972,"upper_bound":588213.0146071315},"point_estimate":446112.664154917,"standard_error":67398.58104157314},"slope":null,"std_dev":{"confidence_interval":{"confidence_level":0.95,"lower_bound":554605.908243361,"upper_bound":1069061.0745745937},"point_estimate":817139.7818576511,"standard_error":133050.93461210813}}