{"mean":{"confidence_interval":{"confidence_level":0.95,"lower_bound":254453251.23075,"upper_bound":258081857.38},"point_estimate":256273422.28,"standard_error":925314.8072935074},"median":{"confidence_interval":{"confidence_level":0.95,"lower_bound":253672610.0,"upper_bound":260848871.0},"point_estimate":258093582.0,"standard_error":1908856.3256756372},"median_abs_dev":{"confidence_interval":{"confidence_level":0.95,"lower_bound":7498914.312967658,"upper_bound":13023816.443181038},"point_estimate":9811071.226018667,"standard_error":1426700.7866894815},"slope":null,"std_dev":{"confidence_interval":{"confidence_level":0.95,"lower_bound":8216687.873240567,"upper_bound":10198914.31495641},"point_estimate":9275330.405671021,"standard_error":504275.10154412466}}