{"mean":{"confidence_interval":{"confidence_level":0.95,"lower_bound":-0.013653243405347322,"upper_bound":0.024906459457165228},"point_estimate":0.005583763136268072,"standard_error":0.009793219339150349},"median":{"confidence_interval":{"confidence_level":0.95,"lower_bound":0.0011241220401974061,"upper_bound":0.02397584502756911},"point_estimate":0.01287440956947794,"standard_error":0.005732401325253468}}