{"mean":{"confidence_interval":{"confidence_level":0.95,"lower_bound":137604897.09,"upper_bound":140931510.78849998},"point_estimate":139266121.96,"standard_error":850991.9733899197},"median":{"confidence_interval":{"confidence_level":0.95,"lower_bound":135871624.0,"upper_bound":142161871.5},"point_estimate":139529576.0,"standard_error":1595297.5971928972},"median_abs_dev":{"confidence_interval":{"confidence_level":0.95,"lower_bound":9340428.815571751,"upper_bound":13331556.754517555},"point_estimate":11685020.512649417,"standard_error":1006077.7673236588},"slope":null,"std_dev":{"confidence_interval":{"confidence_level":0.95,"lower_bound":7800034.514041928,"upper_bound":9173288.496076757},"point_estimate":8547755.491686514,"standard_error":349413.7513121146}}