{"mean":{"confidence_interval":{"confidence_level":0.95,"lower_bound":138386052.6605,"upper_bound":141961748.70374998},"point_estimate":140141231.42,"standard_error":912494.1987313842},"median":{"confidence_interval":{"confidence_level":0.95,"lower_bound":135960256.0,"upper_bound":141265965.5},"point_estimate":137900711.0,"standard_error":1322131.8987199324},"median_abs_dev":{"confidence_interval":{"confidence_level":0.95,"lower_bound":7144825.7025539875,"upper_bound":11685506.064140797},"point_estimate":9285760.109844804,"standard_error":1187993.9902263372},"slope":null,"std_dev":{"confidence_interval":{"confidence_level":0.95,"lower_bound":7758177.001133854,"upper_bound":10340074.239869842},"point_estimate":9091037.14437453,"standard_error":659915.1324260186}}