{"mean":{"confidence_interval":{"confidence_level":0.95,"lower_bound":0.056059351624244885,"upper_bound":0.0920411583546803},"point_estimate":0.07480427422121494,"standard_error":0.009275696075633109},"median":{"confidence_interval":{"confidence_level":0.95,"lower_bound":0.07998699687566223,"upper_bound":0.1472451370499459},"point_estimate":0.1096403271906885,"standard_error":0.017931016457185978}}