{"mean":{"confidence_interval":{"confidence_level":0.95,"lower_bound":0.01925230746522999,"upper_bound":0.044487880209707564},"point_estimate":0.032169764331480666,"standard_error":0.006334904412148346},"median":{"confidence_interval":{"confidence_level":0.95,"lower_bound":0.006210625330901468,"upper_bound":0.034042271948045766},"point_estimate":0.016109711073441613,"standard_error":0.006361944828831563}}