{"mean":{"confidence_interval":{"confidence_level":0.95,"lower_bound":2142546.6357159093,"upper_bound":2195236.3636363633},"point_estimate":2168727.585909091,"standard_error":13465.368921455158},"median":{"confidence_interval":{"confidence_level":0.95,"lower_bound":2100854.659090909,"upper_bound":2203284.909090909},"point_estimate":2125363.045454546,"standard_error":25748.34189254202},"median_abs_dev":{"confidence_interval":{"confidence_level":0.95,"lower_bound":114132.75808032948,"upper_bound":220995.13904018828},"point_estimate":177540.4033753012,"standard_error":27393.639268524574},"slope":null,"std_dev":{"confidence_interval":{"confidence_level":0.95,"lower_bound":123582.53590625018,"upper_bound":147023.5213110603},"point_estimate":136240.93227391198,"standard_error":5981.890504798252}}