{"mean":{"confidence_interval":{"confidence_level":0.95,"lower_bound":0.01468914966360655,"upper_bound":0.03912315024957407},"point_estimate":0.02666018478996368,"standard_error":0.006248778064497163},"median":{"confidence_interval":{"confidence_level":0.95,"lower_bound":0.014922903562474055,"upper_bound":0.028507512691431147},"point_estimate":0.021620459218563592,"standard_error":0.0033573481235911746}}