{"mean":{"confidence_interval":{"confidence_level":0.95,"lower_bound":0.1548544296906487,"upper_bound":0.17354456422849254},"point_estimate":0.16367875644279906,"standard_error":0.0046664925131777195},"median":{"confidence_interval":{"confidence_level":0.95,"lower_bound":0.17026292661102538,"upper_bound":0.18508476247429273},"point_estimate":0.17766476881733473,"standard_error":0.0037061558631436326}}