{"mean":{"confidence_interval":{"confidence_level":0.95,"lower_bound":28135675.2,"upper_bound":28743348.164625},"point_estimate":28429204.63,"standard_error":155572.4137064622},"median":{"confidence_interval":{"confidence_level":0.95,"lower_bound":27607503.5,"upper_bound":28014397.0},"point_estimate":27786928.0,"standard_error":105833.5360518464},"median_abs_dev":{"confidence_interval":{"confidence_level":0.95,"lower_bound":626204.6389326453,"upper_bound":1217103.754042089},"point_estimate":882427.1957337856,"standard_error":156452.50415074782},"slope":null,"std_dev":{"confidence_interval":{"confidence_level":0.95,"lower_bound":1289880.6887977843,"upper_bound":1800341.0205823793},"point_estimate":1564963.6295869977,"standard_error":131037.84274995979}}