{"mean":{"confidence_interval":{"confidence_level":0.95,"lower_bound":0.026647424482889634,"upper_bound":0.045210921506016945},"point_estimate":0.03624266945045562,"standard_error":0.0048835481196349345},"median":{"confidence_interval":{"confidence_level":0.95,"lower_bound":0.022369843877170892,"upper_bound":0.032528220108518954},"point_estimate":0.02743732215513961,"standard_error":0.0026932286173635685}}