{"mean":{"confidence_interval":{"confidence_level":0.95,"lower_bound":148536763.06849998,"upper_bound":150367120.22524998},"point_estimate":149450545.41,"standard_error":468428.4251174275},"median":{"confidence_interval":{"confidence_level":0.95,"lower_bound":149841632.0,"upper_bound":150667165.0},"point_estimate":150247225.5,"standard_error":227272.0958630335},"median_abs_dev":{"confidence_interval":{"confidence_level":0.95,"lower_bound":1471771.0634708405,"upper_bound":3496712.037920952},"point_estimate":2330392.892727256,"standard_error":537025.5554885638},"slope":null,"std_dev":{"confidence_interval":{"confidence_level":0.95,"lower_bound":3690922.473255214,"upper_bound":5673226.04525512},"point_estimate":4722228.975248058,"standard_error":505364.9250653998}}