{"mean":{"confidence_interval":{"confidence_level":0.95,"lower_bound":2041070.3295833343,"upper_bound":2089686.2329166671},"point_estimate":2064132.190833334,"standard_error":12434.117231534336},"median":{"confidence_interval":{"confidence_level":0.95,"lower_bound":2001774.625,"upper_bound":2045594.0},"point_estimate":2015882.7916666665,"standard_error":9166.472204030293},"median_abs_dev":{"confidence_interval":{"confidence_level":0.95,"lower_bound":39144.46935504698,"upper_bound":77291.89022779476},"point_estimate":58674.75880831486,"standard_error":9219.936866795255},"slope":null,"std_dev":{"confidence_interval":{"confidence_level":0.95,"lower_bound":93269.86262389032,"upper_bound":152200.95155875388},"point_estimate":125045.37145584507,"standard_error":15017.240236028776}}