{"mean":{"confidence_interval":{"confidence_level":0.95,"lower_bound":2063750.686139999,"upper_bound":2113540.931389999},"point_estimate":2087929.4955999993,"standard_error":12741.391893628019},"median":{"confidence_interval":{"confidence_level":0.95,"lower_bound":2016487.76,"upper_bound":2058781.38},"point_estimate":2032976.72,"standard_error":10216.459063293212},"median_abs_dev":{"confidence_interval":{"confidence_level":0.95,"lower_bound":52156.74622843277,"upper_bound":106681.54857802387},"point_estimate":74311.7061367034,"standard_error":13450.898141351283},"slope":null,"std_dev":{"confidence_interval":{"confidence_level":0.95,"lower_bound":107223.07568355447,"upper_bound":144536.19687892628},"point_estimate":127725.9961975002,"standard_error":9523.391485581858}}