{"mean":{"confidence_interval":{"confidence_level":0.95,"lower_bound":1025302618.37175,"upper_bound":1036335994.6695},"point_estimate":1030527483.71,"standard_error":2821366.515507636},"median":{"confidence_interval":{"confidence_level":0.95,"lower_bound":1017722073.0,"upper_bound":1023454657.0},"point_estimate":1019333781.5,"standard_error":1660063.2169065205},"median_abs_dev":{"confidence_interval":{"confidence_level":0.95,"lower_bound":7437530.96755743,"upper_bound":14282748.419630527},"point_estimate":10037030.581507087,"standard_error":1740053.2555442543},"slope":null,"std_dev":{"confidence_interval":{"confidence_level":0.95,"lower_bound":21004922.42144595,"upper_bound":34258389.60117483},"point_estimate":28380964.549772147,"standard_error":3369658.2741055964}}