{"mean":{"confidence_interval":{"confidence_level":0.95,"lower_bound":0.013280679837156808,"upper_bound":0.030541757530545555},"point_estimate":0.022174479008885584,"standard_error":0.00442205362422048},"median":{"confidence_interval":{"confidence_level":0.95,"lower_bound":0.02193895939850954,"upper_bound":0.03195357375129593},"point_estimate":0.026367600329055163,"standard_error":0.0025713888783381726}}