{"mean":{"confidence_interval":{"confidence_level":0.95,"lower_bound":0.10528317295071354,"upper_bound":0.1289819106156527},"point_estimate":0.11710503290823415,"standard_error":0.0060943660512188715},"median":{"confidence_interval":{"confidence_level":0.95,"lower_bound":0.13329499464828617,"upper_bound":0.1607715757235071},"point_estimate":0.1504368775794478,"standard_error":0.006539125242174331}}