{"mean":{"confidence_interval":{"confidence_level":0.95,"lower_bound":-0.0022505215592305114,"upper_bound":0.011879874236342068},"point_estimate":0.00464179731885217,"standard_error":0.003592141626535224},"median":{"confidence_interval":{"confidence_level":0.95,"lower_bound":0.0016998271272765653,"upper_bound":0.014430463695908946},"point_estimate":0.006434229856112195,"standard_error":0.0031518420281882865}}