{"mean":{"confidence_interval":{"confidence_level":0.95,"lower_bound":2213177829.91225,"upper_bound":2255119528.02375},"point_estimate":2234280239.27,"standard_error":10710113.4948553},"median":{"confidence_interval":{"confidence_level":0.95,"lower_bound":2216751726.5,"upper_bound":2283956361.0},"point_estimate":2254537635.5,"standard_error":18409187.89129044},"median_abs_dev":{"confidence_interval":{"confidence_level":0.95,"lower_bound":75115227.13793814,"upper_bound":134602958.0281198},"point_estimate":105158718.25405955,"standard_error":15847131.202062158},"slope":null,"std_dev":{"confidence_interval":{"confidence_level":0.95,"lower_bound":92871986.01949075,"upper_bound":120631914.9504408},"point_estimate":107471826.14056982,"standard_error":7076692.229847897}}