{"mean":{"confidence_interval":{"confidence_level":0.95,"lower_bound":0.03517038132761445,"upper_bound":0.05875624053976797},"point_estimate":0.04688288619928138,"standard_error":0.006029873198791555},"median":{"confidence_interval":{"confidence_level":0.95,"lower_bound":0.03708537964427938,"upper_bound":0.07756769611454661},"point_estimate":0.060661480248259014,"standard_error":0.010319195317715078}}