{"mean":{"confidence_interval":{"confidence_level":0.95,"lower_bound":0.007959593318033089,"upper_bound":0.019185972181664446},"point_estimate":0.013444341572882879,"standard_error":0.0029503398822251247},"median":{"confidence_interval":{"confidence_level":0.95,"lower_bound":0.0018285834006890288,"upper_bound":0.009099928958356651},"point_estimate":0.004630966616020471,"standard_error":0.001954935008864557}}