{"mean":{"confidence_interval":{"confidence_level":0.95,"lower_bound":-0.0030912851360323616,"upper_bound":0.01798288346387543},"point_estimate":0.007687586235129773,"standard_error":0.005374172182883013},"median":{"confidence_interval":{"confidence_level":0.95,"lower_bound":0.015635073570132052,"upper_bound":0.028645411261637443},"point_estimate":0.02153102306945054,"standard_error":0.003437874835028389}}