{"mean":{"confidence_interval":{"confidence_level":0.95,"lower_bound":12026309.142250001,"upper_bound":12138346.616400003},"point_estimate":12081269.057999996,"standard_error":28723.4264286253},"median":{"confidence_interval":{"confidence_level":0.95,"lower_bound":12002761.0,"upper_bound":12091309.899999999},"point_estimate":12044208.4,"standard_error":23610.73832219313},"median_abs_dev":{"confidence_interval":{"confidence_level":0.95,"lower_bound":177482.6358890539,"upper_bound":342248.41876387515},"point_estimate":251664.52557206072,"standard_error":44605.333486118},"slope":null,"std_dev":{"confidence_interval":{"confidence_level":0.95,"lower_bound":236246.77847185248,"upper_bound":340050.1320293417},"point_estimate":288764.4250215481,"standard_error":26604.316810189306}}