{"mean":{"confidence_interval":{"confidence_level":0.95,"lower_bound":0.14714118749555005,"upper_bound":0.1664569980090398},"point_estimate":0.15707222237184038,"standard_error":0.0049230196528784334},"median":{"confidence_interval":{"confidence_level":0.95,"lower_bound":0.16976212232025745,"upper_bound":0.1822875831290145},"point_estimate":0.17444862424635943,"standard_error":0.0029254044827410875}}