{"mean":{"confidence_interval":{"confidence_level":0.95,"lower_bound":0.0754945792830315,"upper_bound":0.10775905852368671},"point_estimate":0.09152389624014279,"standard_error":0.008271072190573998},"median":{"confidence_interval":{"confidence_level":0.95,"lower_bound":0.07840644361288227,"upper_bound":0.12955461132354618},"point_estimate":0.10479838815875908,"standard_error":0.013435237290312827}}