{"mean":{"confidence_interval":{"confidence_level":0.95,"lower_bound":235292087.01925,"upper_bound":241971900.88},"point_estimate":238421631.81,"standard_error":1701708.8227784995},"median":{"confidence_interval":{"confidence_level":0.95,"lower_bound":229676041.0,"upper_bound":235323656.5},"point_estimate":231966619.5,"standard_error":1356097.5210165386},"median_abs_dev":{"confidence_interval":{"confidence_level":0.95,"lower_bound":6462805.270294774,"upper_bound":12928301.644866757},"point_estimate":9217049.01406467,"standard_error":1602284.6458977354},"slope":null,"std_dev":{"confidence_interval":{"confidence_level":0.95,"lower_bound":12772082.439314717,"upper_bound":22061083.113540206},"point_estimate":17129967.19354737,"standard_error":2549429.349415841}}