{"mean":{"confidence_interval":{"confidence_level":0.95,"lower_bound":0.008949824330742881,"upper_bound":0.04283890862323646},"point_estimate":0.024437689344211533,"standard_error":0.008594037752339651},"median":{"confidence_interval":{"confidence_level":0.95,"lower_bound":0.011174783787611067,"upper_bound":0.02398761447876674},"point_estimate":0.018311450516841132,"standard_error":0.0032147623132194854}}