{"mean":{"confidence_interval":{"confidence_level":0.95,"lower_bound":0.03682018985812348,"upper_bound":0.06730197100546366},"point_estimate":0.05249735968817415,"standard_error":0.0077323154775578344},"median":{"confidence_interval":{"confidence_level":0.95,"lower_bound":0.04008993630346147,"upper_bound":0.05884833392720701},"point_estimate":0.0466342240444535,"standard_error":0.0051536122639695104}}