{"mean":{"confidence_interval":{"confidence_level":0.95,"lower_bound":0.014516322287405051,"upper_bound":0.042823316529752},"point_estimate":0.027951993465137992,"standard_error":0.0073067269183834625},"median":{"confidence_interval":{"confidence_level":0.95,"lower_bound":0.009610780471796051,"upper_bound":0.0313630268742251},"point_estimate":0.018866456316465108,"standard_error":0.005102793316102538}}