{"mean":{"confidence_interval":{"confidence_level":0.95,"lower_bound":0.06404022039396066,"upper_bound":0.09595594270259314},"point_estimate":0.08091922578690891,"standard_error":0.008040497615036972},"median":{"confidence_interval":{"confidence_level":0.95,"lower_bound":0.057423161832205256,"upper_bound":0.10875203037653171},"point_estimate":0.07158105490659206,"standard_error":0.01317677765352153}}